{
  "LogisticRegression": {
    "name": "LogisticRegression",
    "roc_auc": 0.8018778533896115,
    "pr_auc": 0.5569704240396554,
    "f1": 0.45112781954887216,
    "precision": 0.3488372093023256,
    "recall": 0.6382978723404256,
    "brier": 0.15625165391774576,
    "cv_roc_auc_mean": 0.8271529076498352,
    "cv_roc_auc_std": 0.028196228068410722,
    "confusion": [
      [
        191,
        56
      ],
      [
        17,
        30
      ]
    ]
  },
  "RandomForest": {
    "name": "RandomForest",
    "roc_auc": 0.7830131794297528,
    "pr_auc": 0.41885156300957554,
    "f1": 0.16393442622950818,
    "precision": 0.35714285714285715,
    "recall": 0.10638297872340426,
    "brier": 0.11656408192701515,
    "cv_roc_auc_mean": 0.8038671513424385,
    "cv_roc_auc_std": 0.03163603812621882,
    "confusion": [
      [
        238,
        9
      ],
      [
        42,
        5
      ]
    ]
  },
  "XGBoost": {
    "name": "XGBoost",
    "roc_auc": 0.7659574468085106,
    "pr_auc": 0.49554506935260956,
    "f1": 0.4358974358974359,
    "precision": 0.5483870967741935,
    "recall": 0.3617021276595745,
    "brier": 0.1159006729722023,
    "cv_roc_auc_mean": 0.8173093478196337,
    "cv_roc_auc_std": 0.03434498210258995,
    "confusion": [
      [
        233,
        14
      ],
      [
        30,
        17
      ]
    ]
  }
}